day,grand total
1/12/2023,1591
1/12/2023,3185
1/12/2023,14333
1/12/2023,1594
1/12/2023,12735
1/12/2023,1592
1/12/2023,1592
1/12/2023,1594
1/12/2023,3188
1/12/2023,1597
1/12/2023,1599
1/12/2023,1597
1/12/2023,3198
1/12/2023,1595
1/12/2023,1600
1/12/2023,3185
1/12/2023,12739
1/12/2023,3195
1/12/2023,1599
1/12/2023,1599
1/12/2023,1599
1/12/2023,1593
1/12/2023,9543
1/12/2023,11140
1/12/2023,1594
1/12/2023,11153
1/12/2023,9554
1/12/2023,9554
1/12/2023,1592
1/12/2023,9554
1/12/2023,7960
1/12/2023,1591
1/12/2023,15923
1/12/2023,1599
1/12/2023,3197
1/12/2023,1599
1/12/2023,1599
1/12/2023,1595
1/12/2023,1597
1/12/2023,1593
1/12/2023,1590
1/12/2023,3185
1/12/2023,4095
1/12/2023,30524
1/12/2023,4159
1/12/2023,9120
1/12/2023,14319
1/12/2023,1950
1/12/2023,11265
1/12/2023,18086
1/12/2023,12188
1/12/2023,19294
1/16/2023,3976
1/16/2023,995
1/16/2023,16405
1/16/2023,20225
1/16/2023,4125
1/16/2023,4074
1/16/2023,1036
1/16/2023,24370
1/16/2023,8169
1/16/2023,1011
1/16/2023,3976
1/16/2023,4119
1/16/2023,18417
1/16/2023,14102
1/17/2023,9554
1/17/2023,12736
1/17/2023,3185
1/23/2023,3187
1/23/2023,4780
1/23/2023,12742
1/23/2023,4781
1/25/2023,1060
1/25/2023,9117
1/25/2023,16290
1/25/2023,4033
1/25/2023,4078
1/25/2023,20164
1/26/2023,1592
1/26/2023,4780
1/26/2023,17522
1/26/2023,1593
1/26/2023,2935
1/26/2023,18023
1/26/2023,4027
1/26/2023,7153
1/26/2023,9078
1/26/2023,3936
1/26/2023,994
1/26/2023,7157
1/26/2023,11850
1/26/2023,5105
1/28/2023,6373
1/28/2023,6373
1/28/2023,6372
1/28/2023,3186
1/28/2023,1594
1/28/2023,11153
1/28/2023,4781
1/28/2023,4782
1/28/2023,4777
1/28/2023,1593
1/28/2023,6370
1/31/2023,1592
1/31/2023,5371
1/31/2023,4780
1/31/2023,4779
1/31/2023,4778
1/31/2023,6371
2/7/2023,17514
2/7/2023,3187
2/7/2023,4778
2/7/2023,7960
2/7/2023,1591
2/7/2023,6370
2/7/2023,9555
2/8/2023,15922
2/8/2023,1590
2/8/2023,4777
2/8/2023,4774
2/8/2023,1592
2/8/2023,6370
2/8/2023,9555
2/8/2023,6372
2/8/2023,5083
2/8/2023,4022
2/8/2023,2035
2/8/2023,12256
2/8/2023,4169
2/8/2023,5071
2/8/2023,2082
2/8/2023,14295
2/8/2023,9194
2/8/2023,7112
2/8/2023,4164
2/8/2023,10187
2/8/2023,11208
2/8/2023,3078
2/8/2023,5039
2/13/2023,9565
2/13/2023,12756
2/13/2023,4786
2/13/2023,15943
2/13/2023,3188
2/13/2023,15947
2/13/2023,7975
2/13/2023,14343
2/13/2023,1594
2/13/2023,14350
2/13/2023,1591
2/13/2023,1591
2/13/2023,7965
2/13/2023,7963
2/13/2023,6374
2/13/2023,4775
2/13/2023,1592
2/13/2023,12739
2/13/2023,1594
2/13/2023,9550
2/13/2023,9552
2/15/2023,27001
2/15/2023,2999
2/16/2023,1027
2/16/2023,5054
2/16/2023,23731
2/16/2023,26767
2/16/2023,3067
2/16/2023,1013
2/16/2023,13217
2/16/2023,17010
2/16/2023,1013
2/16/2023,30127
2/20/2023,3190
2/20/2023,4785
2/20/2023,3188
2/20/2023,1594
2/20/2023,11160
2/20/2023,1594
2/20/2023,1594
2/20/2023,17532
2/20/2023,6379
2/20/2023,15945
2/20/2023,1594
2/20/2023,9565
2/20/2023,12753
2/21/2023,4783
2/21/2023,4786
2/21/2023,6378
2/21/2023,7969
2/21/2023,15943
2/21/2023,9573
2/21/2023,11166
2/21/2023,9566
2/21/2023,1596
2/21/2023,12756
2/27/2023,4782
2/27/2023,3187
2/27/2023,12744
2/27/2023,6372
2/27/2023,14342
2/28/2023,1594
2/28/2023,14348
2/28/2023,3189
2/28/2023,11158
2/28/2023,7969
3/1/2023,3186
3/1/2023,9564
3/3/2023,1594
3/3/2023,17525
3/3/2023,4777
3/3/2023,1596
3/3/2023,9568
3/3/2023,7962
3/4/2023,1595
3/4/2023,15941
3/4/2023,9560
3/4/2023,12741
3/4/2023,4782
3/8/2023,14348
3/8/2023,19123
3/8/2023,6376
3/8/2023,3186
3/8/2023,4785
3/8/2023,17531
3/8/2023,4780
3/8/2023,7967
3/8/2023,1594
3/8/2023,11154
3/8/2023,9566
3/8/2023,2990
3/8/2023,11868
3/8/2023,9911
3/8/2023,23236
3/8/2023,1995
3/9/2023,6377
3/9/2023,9564
3/9/2023,17528
3/9/2023,4781
3/10/2023,1594
3/10/2023,1595
3/10/2023,11154
3/15/2023,17536
3/15/2023,3187
3/15/2023,1592
3/15/2023,9565
3/15/2023,12746
3/15/2023,17528
3/15/2023,3185
3/15/2023,1594
3/15/2023,14346
3/15/2023,4780
3/15/2023,14345
3/15/2023,1594
3/15/2023,7967
3/15/2023,17530
3/15/2023,9559
3/15/2023,3187
3/15/2023,4780
3/15/2023,9559
3/15/2023,9561
3/15/2023,11158
3/17/2023,16648
3/17/2023,16648
3/17/2023,4083
3/17/2023,1028
3/17/2023,7059
3/17/2023,17067
3/17/2023,4115
3/21/2023,11158
3/21/2023,7970
3/21/2023,1594
3/21/2023,1594
3/21/2023,3185
3/23/2023,17530
3/23/2023,4779
3/23/2023,14345
3/23/2023,4781
3/23/2023,3189
3/23/2023,6373
3/23/2023,9564
3/23/2023,1594
3/23/2023,7966
3/23/2023,3187
3/23/2023,14342
3/23/2023,1596
3/23/2023,3183
3/23/2023,1592
3/23/2023,9561
3/23/2023,9562
3/23/2023,1590
3/23/2023,1594
3/23/2023,1592
3/23/2023,6375
3/23/2023,1593
3/24/2023,1032
3/24/2023,6184
3/24/2023,22805
3/24/2023,1979
3/28/2023,1594
3/28/2023,11158
3/28/2023,12747
3/28/2023,1594
3/28/2023,17527
3/28/2023,4779
3/28/2023,7972
3/28/2023,7970
3/28/2023,3188
3/28/2023,19127
3/28/2023,1592
3/28/2023,11153
3/29/2023,11154
3/29/2023,3187
3/29/2023,3188
3/29/2023,7968
3/29/2023,1593
3/29/2023,14343
3/29/2023,4779
3/29/2023,4779
3/31/2023,4195
3/31/2023,7076
3/31/2023,4202
3/31/2023,9122
3/31/2023,8000
3/31/2023,2085
3/31/2023,2019
3/31/2023,13301
4/3/2023,25419
4/3/2023,9173
4/3/2023,16180
4/3/2023,17228
4/6/2023,1589
4/6/2023,1594
4/6/2023,6376
4/6/2023,15936
4/6/2023,1594
4/6/2023,11156
4/6/2023,11156
4/6/2023,1594
4/6/2023,11154
4/6/2023,4779
4/6/2023,6372
4/6/2023,4780
4/6/2023,15933
4/6/2023,4781
4/6/2023,12747
4/6/2023,1594
4/10/2023,5057
4/10/2023,8125
4/10/2023,22278
4/10/2023,8067
4/10/2023,10462
4/10/2023,8316
4/10/2023,6243
4/10/2023,17208
4/10/2023,2010
4/10/2023,11208
4/10/2023,1026
4/14/2023,4782
4/14/2023,1593
4/14/2023,1593
4/14/2023,3187
4/14/2023,4786
4/14/2023,9562
4/15/2023,1592
4/15/2023,14340
4/15/2023,6372
4/15/2023,1594
4/15/2023,3186
4/15/2023,1594
4/15/2023,1593
4/15/2023,3186
4/15/2023,12751
4/15/2023,3185
4/15/2023,11152
4/15/2023,4780
4/15/2023,11156
4/15/2023,14340
4/15/2023,15927
4/15/2023,1594
4/17/2023,23421
4/17/2023,3061
4/17/2023,1046
4/17/2023,3036
4/17/2023,6991
4/17/2023,4011
4/17/2023,3009
4/17/2023,6031
4/17/2023,18153
4/17/2023,1034
4/17/2023,2034
4/17/2023,999
4/17/2023,4023
4/17/2023,16153
4/17/2023,25151
5/2/2023,1595
5/2/2023,7967
5/2/2023,11154
5/2/2023,12750
5/2/2023,1593
5/2/2023,4779
5/2/2023,1594
5/2/2023,14348
5/2/2023,4779
5/2/2023,11157
5/2/2023,11153
5/2/2023,1594
5/2/2023,4779
5/2/2023,1593
5/2/2023,9565
5/2/2023,4779
5/2/2023,3185
5/3/2023,1593
5/3/2023,3187
5/3/2023,3186
5/3/2023,14343
5/3/2023,6376
5/3/2023,3188
5/3/2023,3185
5/3/2023,1594
5/3/2023,3187
5/3/2023,3186
5/3/2023,9562
5/3/2023,4781
5/6/2023,7966
5/6/2023,12744
5/6/2023,7968
5/6/2023,3187
5/6/2023,19120
5/6/2023,6375
5/6/2023,7967
5/6/2023,6374
5/6/2023,3186
5/9/2023,1593
5/9/2023,1593
5/9/2023,3189
5/9/2023,15936
5/9/2023,3187
5/9/2023,9560
5/9/2023,14346
5/9/2023,4780
5/9/2023,3188
5/9/2023,6374
5/9/2023,9562
5/9/2023,1595
5/9/2023,4132
5/9/2023,1055
5/9/2023,1055
5/9/2023,20178
5/9/2023,20269
5/9/2023,5252
5/9/2023,18005
5/9/2023,6976
5/9/2023,12183
5/9/2023,11950
5/12/2023,17530
5/12/2023,9562
5/12/2023,14346
5/12/2023,12753
5/12/2023,9565
5/12/2023,4781
5/12/2023,1594
5/12/2023,14345
5/12/2023,1595
5/13/2023,12753
5/15/2023,4783
5/15/2023,3189
5/15/2023,4780
5/16/2023,20012
5/16/2023,10100
5/16/2023,29564
5/16/2023,2018
5/16/2023,2007
5/16/2023,5023
5/16/2023,1000
5/16/2023,4998
5/16/2023,21310
5/16/2023,3968
5/23/2023,6376
5/23/2023,1593
5/23/2023,4782
5/23/2023,4781
5/23/2023,4784
5/23/2023,3187
5/23/2023,9563
5/23/2023,1593
5/23/2023,4780
5/23/2023,3188
5/23/2023,9562
5/24/2023,5059
5/24/2023,14979
5/24/2023,4991
5/24/2023,3967
5/24/2023,5046
5/24/2023,9012
5/24/2023,6946
6/2/2023,4779
6/2/2023,14341
6/2/2023,11152
6/2/2023,6371
6/2/2023,3186
6/2/2023,11150
6/2/2023,1593
6/2/2023,3188
6/2/2023,4780
6/2/2023,1594
6/2/2023,3186
6/2/2023,3186
6/2/2023,11154
6/2/2023,7970
6/2/2023,4776
6/2/2023,4780
6/2/2023,3185
6/2/2023,5092
6/3/2023,10101
6/3/2023,3151
6/3/2023,9125
6/3/2023,22531
6/7/2023,3187
6/7/2023,1594
6/7/2023,12745
6/7/2023,7964
6/7/2023,11153
6/7/2023,17525
6/7/2023,3186
6/7/2023,1593
6/7/2023,1594
6/7/2023,4779
6/7/2023,9560
6/7/2023,12746
6/7/2023,7964
6/8/2023,8937
6/8/2023,21400
6/8/2023,7323
6/8/2023,31628
6/8/2023,29702
6/8/2023,1010
6/13/2023,1592
6/13/2023,17529
6/13/2023,1594
6/13/2023,1593
6/13/2023,17529
6/13/2023,1593
6/13/2023,1594
6/13/2023,3188
6/13/2023,6370
6/13/2023,11151
6/13/2023,9560
6/13/2023,7965
6/13/2023,4780
6/13/2023,9555
6/13/2023,4781
6/15/2023,1999
6/15/2023,12173
6/15/2023,10115
6/15/2023,6121
6/15/2023,14219
6/15/2023,13120
6/15/2023,18338
6/15/2023,5882
6/15/2023,1017
6/15/2023,23705
6/15/2023,7017
6/15/2023,4081
6/15/2023,12817
6/15/2023,2073
6/15/2023,17323
6/16/2023,6374
6/16/2023,4778
6/16/2023,12753
6/16/2023,1593
6/16/2023,1592
6/16/2023,1592
6/16/2023,14335
6/16/2023,4777
6/16/2023,3186
6/20/2023,6375
6/20/2023,15929
6/20/2023,3187
6/20/2023,3187
6/20/2023,7966
6/20/2023,4781
6/20/2023,1592
6/20/2023,3187
6/20/2023,7968
6/21/2023,3186
6/21/2023,14350
6/21/2023,3187
6/21/2023,4779
6/21/2023,3187
6/21/2023,4781
6/21/2023,3187
6/21/2023,1593
6/21/2023,6373
6/21/2023,11155
6/21/2023,14334
6/21/2023,3186
6/21/2023,1593
6/27/2023,1593
6/27/2023,4780
6/27/2023,1592
6/27/2023,6370
6/27/2023,7968
6/27/2023,11152
6/27/2023,7961
6/27/2023,1592
6/27/2023,3187
6/27/2023,6372
6/27/2023,6373
6/27/2023,9562
6/27/2023,3188
6/27/2023,1592
6/27/2023,1592
6/28/2023,12746
6/28/2023,3186
6/28/2023,1593
6/28/2023,4778
6/28/2023,3185
6/28/2023,3188
6/28/2023,1594
6/28/2023,1594
6/28/2023,4778
6/28/2023,14330
7/4/2023,27491
7/4/2023,16410
7/4/2023,13086
7/4/2023,5102
7/4/2023,11369
7/4/2023,8117
7/4/2023,9181
7/4/2023,6099
7/4/2023,3145
7/6/2023,1593
7/6/2023,1593
7/6/2023,4779
7/6/2023,12746
7/6/2023,11152
7/6/2023,9557
7/6/2023,17520
7/6/2023,12749
7/6/2023,4779
7/6/2023,1592
7/6/2023,1594
7/6/2023,12745
7/6/2023,7967
7/6/2023,1594
7/6/2023,9560
7/6/2023,6373
7/6/2023,7968
7/6/2023,6370
7/6/2023,7964
7/6/2023,11157
7/7/2023,983
7/7/2023,2084
7/7/2023,2039
7/7/2023,2077
7/7/2023,1033
7/7/2023,983
7/7/2023,14258
7/7/2023,977
7/7/2023,10151
7/7/2023,15415
7/11/2023,1594
7/11/2023,3188
7/11/2023,1593
7/11/2023,14339
7/11/2023,1594
7/11/2023,9559
7/11/2023,12745
7/11/2023,7965
7/11/2023,1593
7/11/2023,6372
7/11/2023,6375
7/11/2023,1594
7/11/2023,11151
7/11/2023,1594
7/11/2023,4780
7/11/2023,7967
7/11/2023,6372
7/11/2023,1593
7/11/2023,17519
7/11/2023,1593
7/11/2023,4779
7/11/2023,1593
7/11/2023,4779
7/11/2023,15939
7/11/2023,9559
7/11/2023,17528
7/11/2023,12756
7/11/2023,9556
7/11/2023,3184
7/11/2023,9278
7/11/2023,10261
7/11/2023,18381
7/11/2023,6961
7/11/2023,5119
7/14/2023,18466
7/14/2023,1030
7/14/2023,1030
7/14/2023,18270
7/14/2023,2036
7/14/2023,20000
7/14/2023,4175
7/14/2023,1035
7/14/2023,4195
7/14/2023,23542
7/14/2023,4124
7/14/2023,3127
7/18/2023,4780
7/18/2023,20717
7/18/2023,4782
7/18/2023,1594
7/18/2023,1594
7/18/2023,15941
7/18/2023,9557
7/18/2023,9560
7/18/2023,6376
7/18/2023,14338
7/18/2023,11153
7/18/2023,10091
7/18/2023,8391
7/18/2023,7249
7/18/2023,8306
7/18/2023,2950
7/18/2023,13013
7/20/2023,1013
7/20/2023,4199
7/20/2023,12295
7/20/2023,12103
7/20/2023,6120
7/20/2023,5169
7/20/2023,2089
7/20/2023,7012
7/21/2023,9565
7/21/2023,15934
7/21/2023,3187
7/21/2023,1594
7/21/2023,12750
7/21/2023,4782
7/21/2023,9562
7/21/2023,12745
7/21/2023,3184
7/21/2023,4784
7/21/2023,3187
7/21/2023,7969
7/21/2023,3187
7/21/2023,9559
7/21/2023,12746
7/21/2023,7970
7/21/2023,1593
7/21/2023,1017
7/21/2023,4019
7/21/2023,13289
7/21/2023,18413
7/21/2023,1011
7/21/2023,4190
7/21/2023,5980
7/21/2023,2081
7/25/2023,14343
7/25/2023,1593
7/25/2023,14339
7/25/2023,15940
7/25/2023,4782
7/25/2023,1595
7/27/2023,6095
7/27/2023,19301
7/27/2023,6106
7/27/2023,16468
7/27/2023,2030
7/28/2023,3187
7/28/2023,9563
7/28/2023,6375
7/28/2023,6376
7/28/2023,1593
7/28/2023,7965
7/28/2023,12746
7/28/2023,3187
8/3/2023,12747
8/3/2023,12752
8/3/2023,9563
8/3/2023,12750
8/3/2023,9566
8/3/2023,1593
8/3/2023,3186
8/3/2023,1594
8/3/2023,15933
8/3/2023,5190
8/3/2023,19380
8/3/2023,19474
8/3/2023,5956
8/4/2023,4781
8/4/2023,1594
8/4/2023,14335
8/7/2023,19273
8/7/2023,4064
8/7/2023,2987
8/7/2023,2076
8/7/2023,4098
8/7/2023,9284
8/7/2023,8218
8/9/2023,3186
8/9/2023,1593
8/9/2023,6373
8/9/2023,15931
8/9/2023,1592
8/9/2023,12744
8/9/2023,9558
8/9/2023,2017
8/9/2023,6025
8/9/2023,15424
8/9/2023,5975
8/9/2023,6009
8/9/2023,11129
8/9/2023,12250
8/9/2023,13104
8/9/2023,3067
8/9/2023,3009
8/9/2023,14019
8/9/2023,7972
8/12/2023,1593
8/12/2023,4778
8/12/2023,12743
8/12/2023,6373
8/12/2023,14335
8/12/2023,6374
8/12/2023,4777
8/12/2023,1033
8/12/2023,17227
8/12/2023,7100
8/12/2023,9403
8/12/2023,15237
8/16/2023,3188
8/16/2023,12749
8/16/2023,6378
8/16/2023,1595
8/16/2023,14342
8/16/2023,3186
8/16/2023,1595
8/16/2023,6377
8/16/2023,6003
8/16/2023,2988
8/16/2023,15583
8/16/2023,25426
8/19/2023,11154
8/19/2023,12750
8/19/2023,7974
8/19/2023,3188
8/19/2023,8299
8/19/2023,16394
8/19/2023,25379
8/21/2023,6374
8/21/2023,17532
8/21/2023,1591
8/21/2023,3189
8/21/2023,9559
8/21/2023,6379
8/21/2023,6372
8/21/2023,9565
8/21/2023,4778
8/23/2023,1593
8/23/2023,4777
8/23/2023,11153
8/23/2023,12744
8/23/2023,4777
8/23/2023,15933
8/23/2023,15192
8/23/2023,16497
8/23/2023,8225
8/23/2023,6096
8/23/2023,3990
8/26/2023,7972
8/26/2023,1594
8/26/2023,14349
8/26/2023,3189
8/26/2023,6375
8/26/2023,11158
8/26/2023,4783
9/1/2023,4782
9/1/2023,12756
9/1/2023,7971
9/1/2023,14346
9/1/2023,6379
9/1/2023,15935
9/1/2023,6378
9/1/2023,11155
9/1/2023,18325
9/1/2023,9077
9/1/2023,9272
9/1/2023,3102
9/1/2023,10224
9/1/2023,20001
9/1/2023,10082
9/1/2023,14989
9/1/2023,4928
9/2/2023,4780
9/2/2023,4785
9/2/2023,11164
9/5/2023,22033
9/5/2023,20088
9/7/2023,7934
9/8/2023,11156
9/8/2023,14356
9/8/2023,7971
9/8/2023,14354
9/8/2023,1595
9/8/2023,5053
9/8/2023,12224
9/8/2023,7988
9/8/2023,24735
9/12/2023,5180
9/12/2023,20211
9/12/2023,3057
9/12/2023,1006
9/12/2023,20546
9/13/2023,6375
9/13/2023,6375
9/13/2023,7970
9/13/2023,7969
9/13/2023,3190
9/13/2023,9570
9/13/2023,5086
9/13/2023,25518
9/13/2023,19396
9/14/2023,7970
9/14/2023,7967
9/14/2023,4783
9/14/2023,7964
9/14/2023,12753
9/14/2023,7967
9/14/2023,9558
9/15/2023,14340
9/15/2023,4786
9/15/2023,4782
9/15/2023,1594
9/15/2023,14345
9/15/2023,9564
9/16/2023,2002
9/16/2023,12470
9/16/2023,1997
9/16/2023,7117
9/16/2023,1007
9/16/2023,10104
9/16/2023,11179
9/16/2023,4124
9/18/2023,6377
9/18/2023,15934
9/18/2023,3187
9/18/2023,9558
9/18/2023,4775
9/18/2023,11154
9/20/2023,1009
9/20/2023,1988
9/20/2023,2020
9/20/2023,16034
9/20/2023,8014
9/20/2023,11860
9/20/2023,9075
9/21/2023,6378
9/21/2023,12754
9/21/2023,3188
9/21/2023,1594
9/21/2023,1593
9/21/2023,9567
9/21/2023,11157
9/21/2023,3188
9/22/2023,2091
9/22/2023,8115
9/22/2023,2049
9/22/2023,12464
9/22/2023,25281
9/25/2023,4784
9/25/2023,6377
9/25/2023,11166
9/25/2023,1595
9/25/2023,3189
9/25/2023,6379
9/25/2023,3188
9/25/2023,12763
9/26/2023,12760
9/26/2023,12763
9/26/2023,15960
9/26/2023,1596
9/26/2023,10421
9/26/2023,4027
9/26/2023,5152
9/26/2023,5148
9/26/2023,10915
9/26/2023,2099
9/26/2023,1009
9/26/2023,9153
9/26/2023,2076
9/30/2023,11158
9/30/2023,1594
9/30/2023,3189
9/30/2023,3189
9/30/2023,3189
9/30/2023,12760
9/30/2023,3189
9/30/2023,1594
9/30/2023,11158
9/30/2023,3189
9/30/2023,12760
9/30/2023,3189
9/30/2023,1594
9/30/2023,11158
10/2/2023,1039
10/2/2023,7979
10/2/2023,4788
10/2/2023,12759
10/2/2023,12762
10/2/2023,9572
10/2/2023,1596
10/2/2023,6385
10/2/2023,1595
10/2/2023,1027
10/2/2023,1028
10/2/2023,2061
10/2/2023,9293
10/2/2023,7156
10/2/2023,7170
10/2/2023,3927
10/2/2023,2995
10/2/2023,4030
10/2/2023,4048
10/2/2023,1027
10/2/2023,1028
10/2/2023,2061
10/2/2023,9293
10/2/2023,7156
10/2/2023,7170
10/2/2023,1039
10/2/2023,6111
10/2/2023,15119
10/2/2023,6226
10/2/2023,2063
10/2/2023,19551
10/2/2023,1023
10/2/2023,6138
10/3/2023,1594
10/4/2023,1594
10/4/2023,14366
10/4/2023,1593
10/5/2023,12131
10/5/2023,9269
10/5/2023,970
10/5/2023,6098
10/5/2023,6181
10/5/2023,4163
10/5/2023,2096
10/5/2023,9092
10/6/2023,15955
10/6/2023,4782
10/6/2023,12118
10/6/2023,12855
10/6/2023,2001
10/6/2023,17131
10/6/2023,5895
10/10/2023,3181
10/10/2023,11145
10/10/2023,1594
10/10/2023,8999
10/10/2023,4961
10/10/2023,8861
10/10/2023,972
10/10/2023,1030
10/10/2023,9992
10/10/2023,13102
10/10/2023,2083
10/13/2023,1591
10/13/2023,11140
10/13/2023,3181
10/13/2023,4774
10/13/2023,4770
10/13/2023,14323
10/13/2023,6149
10/13/2023,18493
10/13/2023,12184
10/13/2023,13174
10/14/2023,5082
10/14/2023,10401
10/14/2023,10175
10/14/2023,24342
10/17/2023,4900
10/17/2023,7029
10/17/2023,982
10/17/2023,7014
10/17/2023,13064
10/17/2023,1977
10/17/2023,1007
10/17/2023,972
10/17/2023,7915
10/17/2023,5140
10/18/2023,11155
10/18/2023,6380
10/18/2023,7965
10/18/2023,4779
10/18/2023,1594
10/18/2023,11151
10/18/2023,6377
10/18/2023,1595
10/19/2023,14991
10/19/2023,7277
10/19/2023,2034
10/19/2023,16483
10/19/2023,1008
10/19/2023,8207
10/20/2023,9071
10/20/2023,1995
10/20/2023,5067
10/20/2023,22612
10/20/2023,2086
10/20/2023,8165
10/20/2023,1004
10/24/2023,4785
10/24/2023,4786
10/24/2023,12758
10/24/2023,9573
10/24/2023,1594
10/24/2023,15951
10/24/2023,15954
10/24/2023,1594
10/24/2023,7967
10/24/2023,15958
10/24/2023,4788
10/24/2023,1595
10/24/2023,1592
10/24/2023,25004
10/24/2023,2991
10/24/2023,2005
10/24/2023,6992
10/24/2023,13020
10/25/2023,7973
10/25/2023,11170
10/25/2023,6379
10/25/2023,1597
10/25/2023,3194
10/25/2023,12750
10/25/2023,7979
10/27/2023,14616
10/27/2023,10111
10/27/2023,25273
11/1/2023,7973
11/1/2023,14358
11/1/2023,1594
11/1/2023,3194
11/1/2023,1596
11/1/2023,17548
11/1/2023,1595
11/1/2023,1593
11/1/2023,1596
11/1/2023,12758
11/1/2023,3193
11/1/2023,1593
11/1/2023,15936
11/1/2023,3188
11/1/2023,1594
11/1/2023,5121
11/1/2023,25060
11/1/2023,1019
11/1/2023,16882
11/1/2023,12273
11/2/2023,1597
11/2/2023,3189
11/2/2023,7976
11/2/2023,3190
11/2/2023,11168
11/2/2023,1597
11/2/2023,15957
11/2/2023,6377
11/2/2023,9574
11/2/2023,4784
11/2/2023,3187
11/2/2023,17552
11/2/2023,9574
11/2/2023,4031
11/2/2023,7981
11/2/2023,12126
11/2/2023,15507
11/3/2023,17548
11/3/2023,4783
11/3/2023,3190
11/3/2023,4872
11/3/2023,17269
11/3/2023,8275
11/3/2023,15481
11/3/2023,23423
11/3/2023,1043
11/3/2023,29638
11/8/2023,1598
11/8/2023,17551
11/8/2023,3190
11/8/2023,14355
11/8/2023,6381
11/8/2023,12752
11/8/2023,9559
11/8/2023,7977
11/8/2023,1594
11/8/2023,6384
11/8/2023,14346
11/8/2023,14364
11/10/2023,1595
11/10/2023,3193
11/10/2023,6385
11/10/2023,3191
11/10/2023,6384
11/10/2023,12765
11/10/2023,1596
11/10/2023,6380
11/10/2023,4789
11/10/2023,4783
11/10/2023,12764
11/10/2023,12766
11/10/2023,3194
11/10/2023,15957
11/10/2023,4788
11/10/2023,2038
11/10/2023,23510
11/10/2023,14522
11/10/2023,9930
11/13/2023,3191
11/13/2023,7982
11/13/2023,12769
11/13/2023,12771
11/13/2023,4787
11/13/2023,6384
11/13/2023,1597
11/13/2023,13017
11/13/2023,5965
11/13/2023,4939
11/13/2023,12131
11/13/2023,13948
11/15/2023,17548
11/15/2023,11172
11/15/2023,14371
11/15/2023,4786
11/15/2023,1596
11/15/2023,2064
11/15/2023,17274
11/15/2023,21550
11/15/2023,2038
11/15/2023,6155
11/15/2023,8205
11/15/2023,5110
11/15/2023,12361
11/15/2023,11190
11/15/2023,13034
11/15/2023,1019
11/18/2023,17553
11/18/2023,4787
11/18/2023,3195
11/20/2023,13168
11/20/2023,12196
11/20/2023,5018
11/20/2023,28463
11/20/2023,1990
11/20/2023,3064
11/20/2023,2959
11/20/2023,18090
11/20/2023,8007
11/20/2023,7045
11/22/2023,14364
11/22/2023,11166
11/23/2023,12069
11/23/2023,8985
11/23/2023,4017
11/25/2023,4790
11/25/2023,11173
11/25/2023,3193
11/25/2023,3192
11/25/2023,1597
11/25/2023,1595
11/25/2023,11173
11/25/2023,3195
11/25/2023,9565
11/25/2023,1594
11/25/2023,7968
11/25/2023,4786
11/25/2023,15942
11/25/2023,6374
11/29/2023,7966
11/29/2023,4783
12/1/2023,4783
12/1/2023,12750
12/1/2023,6379
12/1/2023,3193
12/1/2023,1593
12/1/2023,12757
12/1/2023,7974
12/1/2023,12774
12/1/2023,14374
12/1/2023,4787
12/1/2023,7193
12/1/2023,12044
12/1/2023,7247
12/1/2023,22811
12/1/2023,983
12/1/2023,6915
12/1/2023,5119
12/1/2023,16201
12/1/2023,21487
12/1/2023,24968
12/1/2023,10148
12/1/2023,15000
12/1/2023,10148
12/2/2023,1594
12/2/2023,2111
12/2/2023,1596
12/2/2023,6385
12/2/2023,6377
12/2/2023,1596
12/4/2023,1597
12/4/2023,9583
12/4/2023,6390
12/4/2023,14365
12/4/2023,4790
12/7/2023,26551
12/7/2023,4076
12/7/2023,3044
12/7/2023,16329
12/7/2023,20038
12/7/2023,27955
12/7/2023,2007
12/9/2023,15956
12/9/2023,6379
12/11/2023,11171
12/11/2023,1596
12/11/2023,12768
12/11/2023,9571
12/11/2023,3195
12/11/2023,1597
12/11/2023,6383
12/11/2023,3190
12/11/2023,1594
12/11/2023,12762
12/11/2023,14357
12/12/2023,20000
12/12/2023,4128
12/12/2023,2094
12/12/2023,7212
12/12/2023,16566
12/14/2023,8207
12/14/2023,20466
12/14/2023,2035
12/14/2023,10142
12/14/2023,983
12/14/2023,8167
12/14/2023,11312
12/14/2023,11156
12/14/2023,27532
12/15/2023,4791
12/15/2023,12769
12/15/2023,14357
12/15/2023,6386
12/15/2023,1596
12/15/2023,3194
12/15/2023,6384
12/15/2023,1597
12/15/2023,1594
12/15/2023,17552
12/15/2023,11169
12/15/2023,14364
12/15/2023,3191
12/15/2023,1595
12/15/2023,3193
12/15/2023,9581
12/16/2023,3194
12/16/2023,1596
12/16/2023,14370
12/16/2023,15948
12/19/2023,24548
12/19/2023,1005
12/19/2023,5064
12/19/2023,28124
12/19/2023,1997
12/19/2023,3058
12/19/2023,4955
12/19/2023,2041
12/19/2023,12151
12/19/2023,5191
12/19/2023,11958
12/27/2023,12744
12/27/2023,1593
12/27/2023,6382
12/27/2023,4785
12/27/2023,14361
12/27/2023,4496
12/27/2023,5075
12/27/2023,1597
12/27/2023,1595
12/27/2023,1598
12/27/2023,1596
12/27/2023,3189
12/27/2023,15965
12/27/2023,4791
12/27/2023,14373
12/27/2023,11176
12/27/2023,4788
12/27/2023,12772
12/27/2023,1597
12/27/2023,3196
12/27/2023,7984
12/27/2023,3195
12/27/2023,971
12/27/2023,15000
12/27/2023,6389
12/27/2023,1598
12/27/2023,4791
12/27/2023,971
12/27/2023,15000
12/27/2023,4795
12/27/2023,17568
12/27/2023,1599
12/27/2023,3051
12/27/2023,4033
12/27/2023,12218
12/27/2023,991
12/28/2023,20976
12/28/2023,9025
12/29/2023,6386
12/29/2023,15977
12/29/2023,1597
12/29/2023,6386
12/29/2023,15977
12/29/2023,1597
12/30/2023,1597
12/30/2023,6386
12/30/2023,15977
12/30/2023,1597
1/5/2024,12769
1/5/2024,9575
1/5/2024,11173
1/5/2024,3191
1/5/2024,4791
1/5/2024,7976
1/5/2024,1593
1/5/2024,1598
1/5/2024,6384
1/5/2024,7981
1/5/2024,1596
1/5/2024,1597
1/5/2024,11167
1/5/2024,7984
1/5/2024,4785
1/5/2024,6025
1/5/2024,18877
1/6/2024,24490
1/6/2024,9107
1/6/2024,15991
1/6/2024,3106
1/6/2024,8080
1/6/2024,4155
1/6/2024,2973
1/6/2024,7196
1/9/2024,6385
1/9/2024,6381
1/9/2024,15967
1/9/2024,11178
1/9/2024,15965
1/9/2024,1596
1/9/2024,4790
1/9/2024,4787
1/9/2024,1589
1/9/2024,7979
1/9/2024,1597
1/9/2024,9576
1/9/2024,12771
1/9/2024,1005
1/9/2024,30382
1/9/2024,19117
1/9/2024,29415
1/9/2024,17994
1/9/2024,2087
1/10/2024,11173
1/10/2024,11173
1/10/2024,7981
1/10/2024,14373
1/10/2024,1597
1/10/2024,4169
1/10/2024,9092
1/10/2024,12724
1/10/2024,8293
1/10/2024,10953
1/10/2024,2009
1/10/2024,5072
1/10/2024,15364
1/10/2024,8923
1/10/2024,988
1/10/2024,25103
1/10/2024,6233
1/12/2024,11176
1/12/2024,9580
1/12/2024,1598
1/12/2024,14370
1/12/2024,6389
1/12/2024,6385
1/12/2024,4787
1/12/2024,6381
1/12/2024,14368
1/12/2024,4787
1/12/2024,7983
1/12/2024,9572
1/12/2024,6384
1/16/2024,6189
1/16/2024,6128
1/16/2024,18377
1/16/2024,4146
1/16/2024,3045
1/16/2024,5013
1/16/2024,1039
1/16/2024,6063
1/17/2024,3195
1/17/2024,7981
1/17/2024,1594
1/17/2024,12778
1/17/2024,7981
1/17/2024,1595
1/17/2024,7982
1/17/2024,6385
1/17/2024,21438
1/17/2024,9340
1/17/2024,3089
1/17/2024,10376
1/17/2024,12149
1/17/2024,3977
1/17/2024,15120
1/17/2024,12291
1/17/2024,3064
1/17/2024,2999
1/18/2024,3196
1/18/2024,1593
1/18/2024,14372
1/18/2024,3192
1/18/2024,3190
1/18/2024,11176
1/18/2024,12766
1/20/2024,5086
1/20/2024,5086
1/20/2024,4137
1/20/2024,4137
1/24/2024,14369
1/24/2024,1597
1/24/2024,4790
1/25/2024,1597
1/25/2024,1596
1/25/2024,6387
1/25/2024,4790
1/25/2024,15972
1/26/2024,2093
1/26/2024,5005
1/26/2024,20346
1/26/2024,6187
1/26/2024,16373
1/26/2024,3030
1/26/2024,16235
1/26/2024,6187
1/26/2024,16373
1/26/2024,16235
1/26/2024,3030
1/27/2024,24475
1/27/2024,3127
1/29/2024,2044
1/29/2024,14354
1/29/2024,4123
1/29/2024,2001
1/29/2024,3962
1/29/2024,1013
1/29/2024,3076
1/30/2024,11173
1/30/2024,1597
1/30/2024,7983
1/30/2024,4788
1/30/2024,12769
1/30/2024,11171
1/31/2024,3191
1/31/2024,14367
1/31/2024,1597
1/31/2024,6378
1/31/2024,3191
1/31/2024,1597
1/31/2024,17550
1/31/2024,1592
1/31/2024,1597
1/31/2024,3191
1/31/2024,14367
1/31/2024,1597
1/31/2024,6378
1/31/2024,1592
1/31/2024,17550
1/31/2024,1597
1/31/2024,3191